{
	"info": {
		"_postman_id": "fa315a3b-e9b3-46a1-87a3-fac8b8475897",
		"name": "Test",
		"schema": "https://schema.getpostman.com/json/collection/v2.1.0/collection.json",
		"_exporter_id": "39277972"
	},
	"item": [
		{
			"name": "Booking",
			"protocolProfileBehavior": {
				"disableBodyPruning": true
			},
			"request": {
				"method": "GET",
				"header": [],
				"body": {
					"mode": "raw",
					"raw": "{\r\n        \r\n        \"guestName\": \"John Doe\",\r\n        \"hotel\": \"Grand Plaza Hotel\",\r\n        \"roomNumber\": \"101\",\r\n        \"checkInDate\": \"2024-11-01\",\r\n        \"checkOutDate\": \"2024-11-05\",\r\n        \"status\": \"Confirmed\"\r\n    }",
					"options": {
						"raw": {
							"language": "json"
						}
					}
				},
				"url": {
					"raw": "http://localhost:8080/api/v1/booking",
					"protocol": "http",
					"host": [
						"localhost"
					],
					"port": "8080",
					"path": [
						"api",
						"v1",
						"booking"
					]
				}
			},
			"response": []
		},
		{
			"name": "Booking",
			"request": {
				"method": "PUT",
				"header": [],
				"body": {
					"mode": "raw",
					"raw": "{\r\n        \"guestName\": \"Subbu\",\r\n        \"hotel\": \"HotelINN\",\r\n        \"roomNumber\": \"503\",\r\n        \"checkInDate\": \"2024-12-12\",\r\n        \"checkOutDate\": \"2024-12-25\",\r\n        \"status\": \"Pending\"}",
					"options": {
						"raw": {
							"language": "json"
						}
					}
				},
				"url": {
					"raw": "http://localhost:8080/api/v1/booking/B0004",
					"protocol": "http",
					"host": [
						"localhost"
					],
					"port": "8080",
					"path": [
						"api",
						"v1",
						"booking",
						"B0004"
					]
				}
			},
			"response": []
		},
		{
			"name": "Booking",
			"request": {
				"method": "POST",
				"header": [],
				"body": {
					"mode": "raw",
					"raw": "{\r\n        \r\n        \"guestName\": \"John Doe\",\r\n        \"hotel\": \"Grand Plaza Hotel\",\r\n        \"roomNumber\": \"101\",\r\n        \"checkInDate\": \"2024-11-01\",\r\n        \"checkOutDate\": \"2024-11-05\",\r\n        \"status\": \"Confirmed\"\r\n    }",
					"options": {
						"raw": {
							"language": "json"
						}
					}
				},
				"url": {
					"raw": "http://localhost:8080/api/v1/booking",
					"protocol": "http",
					"host": [
						"localhost"
					],
					"port": "8080",
					"path": [
						"api",
						"v1",
						"booking"
					]
				}
			},
			"response": []
		},
		{
			"name": "Booking",
			"request": {
				"method": "DELETE",
				"header": [],
				"url": {
					"raw": "http://localhost:8080/api/v1/booking/B0005",
					"protocol": "http",
					"host": [
						"localhost"
					],
					"port": "8080",
					"path": [
						"api",
						"v1",
						"booking",
						"B0005"
					]
				}
			},
			"response": []
		}
	]
}